Draft_Round,Fantasy Points Per Game
1,9.893953351854469
2,8.586248162683418
3,6.904288727442457
4,7.186250183338612
5,3.806020450827009
