Draft Pick,Position,Average Fantasy Points
1.01,WR,1644.2
1.02,RB,703.98
1.03,RB,828.2833333333333
1.04,WR,135.95999999999998
1.08,TE,115.8
1.1,QB,111.3
