Round,Position,Average Fantasy Points
1,QB,1386.3
2,TE,396.69
3,WR,207.05675675675676
4,WR,192.34583333333333
5,RB,119.3
